Ordrenr;Varenavn;Antal;Beloeb;Ordredato;Kunde
1001;Kande;3;597,00;01-01-2026;kunde5@mail.dk
1002;Kaffe;3;238,50;01-01-2026;kunde2@mail.dk
1002;Filter;1;29,00;01-01-2026;kunde2@mail.dk
1003;Kaffe;3;238,50;01-01-2026;kunde19@mail.dk
1003;Filter;1;29,00;01-01-2026;kunde19@mail.dk
1004;Kande;2;398,00;01-01-2026;kunde3@mail.dk
1005;Filter;1;29,00;01-01-2026;kunde3@mail.dk
1006;Kande;1;199,00;01-01-2026;kunde18@mail.dk
1007;Kaffe;1;79,50;01-01-2026;kunde19@mail.dk
1007;Filter;1;29,00;01-01-2026;kunde19@mail.dk
1008;Kaffe;3;238,50;01-01-2026;kunde19@mail.dk
1008;Filter;1;29,00;01-01-2026;kunde19@mail.dk
1009;Kaffe;3;238,50;08-01-2026;kunde8@mail.dk
1010;Kande;1;199,00;08-01-2026;kunde10@mail.dk
1011;Kaffe;3;238,50;08-01-2026;kunde18@mail.dk
1011;Filter;1;29,00;08-01-2026;kunde18@mail.dk
1012;Filter;1;29,00;08-01-2026;kunde22@mail.dk
1013;The;3;177,00;08-01-2026;kunde19@mail.dk
1014;Kop;1;49,00;08-01-2026;kunde7@mail.dk
1015;Kaffe;3;238,50;15-01-2026;kunde23@mail.dk
1015;Filter;1;29,00;15-01-2026;kunde23@mail.dk
1016;Kande;3;597,00;15-01-2026;kunde7@mail.dk
1017;Kande;2;398,00;15-01-2026;kunde18@mail.dk
1018;The;2;118,00;15-01-2026;kunde15@mail.dk
1019;Kop;1;49,00;15-01-2026;kunde12@mail.dk
1020;Filter;1;29,00;15-01-2026;kunde6@mail.dk
1021;Kop;3;147,00;15-01-2026;kunde19@mail.dk
1022;Kop;3;147,00;15-01-2026;kunde16@mail.dk
1023;Kop;3;147,00;15-01-2026;kunde15@mail.dk
1024;Kaffe;3;238,50;15-01-2026;kunde3@mail.dk
1024;Filter;1;29,00;15-01-2026;kunde3@mail.dk
1025;Filter;2;58,00;22-01-2026;kunde11@mail.dk
1026;Kaffe;3;238,50;22-01-2026;kunde14@mail.dk
1026;Filter;1;29,00;22-01-2026;kunde14@mail.dk
1027;The;2;118,00;22-01-2026;kunde18@mail.dk
1028;Kop;3;147,00;22-01-2026;kunde11@mail.dk
1029;The;2;118,00;22-01-2026;kunde16@mail.dk
1030;Kaffe;2;159,00;22-01-2026;kunde3@mail.dk
1030;Filter;1;29,00;22-01-2026;kunde3@mail.dk
1031;Kaffe;1;79,50;22-01-2026;kunde22@mail.dk
1032;The;3;177,00;22-01-2026;kunde10@mail.dk
1033;Kop;3;147,00;22-01-2026;kunde15@mail.dk
1034;Kop;1;49,00;22-01-2026;kunde13@mail.dk
1035;Kop;1;49,00;22-01-2026;kunde15@mail.dk
1036;Kaffe;2;159,00;22-01-2026;kunde20@mail.dk
1036;Filter;1;29,00;22-01-2026;kunde20@mail.dk
1037;Filter;3;87,00;29-01-2026;kunde10@mail.dk
1038;Kande;2;398,00;29-01-2026;kunde8@mail.dk
1039;Kaffe;1;79,50;29-01-2026;kunde16@mail.dk
1039;Filter;1;29,00;29-01-2026;kunde16@mail.dk
1040;Kop;1;49,00;29-01-2026;kunde18@mail.dk
1041;The;2;118,00;29-01-2026;kunde14@mail.dk
1042;Kande;2;398,00;29-01-2026;kunde23@mail.dk
1043;Kande;1;199,00;29-01-2026;kunde22@mail.dk
1044;Kaffe;1;79,50;29-01-2026;kunde5@mail.dk
1044;Filter;1;29,00;29-01-2026;kunde5@mail.dk
1045;Filter;1;29,00;29-01-2026;kunde22@mail.dk
1046;The;1;59,00;29-01-2026;kunde16@mail.dk
1047;Kop;1;49,00;29-01-2026;kunde9@mail.dk
1048;Kande;3;597,00;29-01-2026;kunde5@mail.dk
1049;The;2;118,00;05-02-2026;kunde20@mail.dk
1050;The;3;177,00;05-02-2026;kunde5@mail.dk
1051;Kaffe;2;159,00;05-02-2026;kunde21@mail.dk
1052;The;2;118,00;05-02-2026;kunde25@mail.dk
1053;Kande;2;398,00;05-02-2026;kunde13@mail.dk
1054;Kande;3;597,00;05-02-2026;kunde4@mail.dk
1055;Kaffe;1;79,50;05-02-2026;kunde13@mail.dk
1055;Filter;1;29,00;05-02-2026;kunde13@mail.dk
1056;Kande;1;199,00;05-02-2026;kunde7@mail.dk
1057;The;1;59,00;12-02-2026;kunde11@mail.dk
1058;Kaffe;3;238,50;12-02-2026;kunde4@mail.dk
1058;Filter;1;29,00;12-02-2026;kunde4@mail.dk
1059;Kop;3;147,00;12-02-2026;kunde4@mail.dk
1060;Kaffe;1;79,50;12-02-2026;kunde1@mail.dk
1060;Filter;1;29,00;12-02-2026;kunde1@mail.dk
1061;Kop;2;98,00;12-02-2026;kunde5@mail.dk
1062;Kop;2;98,00;12-02-2026;kunde20@mail.dk
1063;Kande;2;398,00;19-02-2026;kunde4@mail.dk
1064;Kande;2;398,00;19-02-2026;kunde16@mail.dk
1065;Filter;1;29,00;19-02-2026;kunde3@mail.dk
1066;Kop;3;147,00;19-02-2026;kunde24@mail.dk
1067;Kande;3;597,00;19-02-2026;kunde9@mail.dk
1068;The;1;59,00;19-02-2026;kunde6@mail.dk
1069;Kop;1;49,00;26-02-2026;kunde17@mail.dk
1070;The;1;59,00;26-02-2026;kunde23@mail.dk
1071;The;2;118,00;26-02-2026;kunde25@mail.dk
1072;Kaffe;3;238,50;26-02-2026;kunde21@mail.dk
1073;Kop;1;49,00;26-02-2026;kunde17@mail.dk
1074;Filter;3;87,00;26-02-2026;kunde12@mail.dk
1075;The;2;118,00;26-02-2026;kunde18@mail.dk
1076;Filter;1;29,00;05-03-2026;kunde25@mail.dk
1077;Filter;1;29,00;05-03-2026;kunde13@mail.dk
1078;Kande;2;398,00;05-03-2026;kunde17@mail.dk
1079;Kaffe;1;79,50;05-03-2026;kunde24@mail.dk
1080;Kop;1;49,00;05-03-2026;kunde16@mail.dk
1081;The;2;118,00;05-03-2026;kunde23@mail.dk
1082;Kop;2;98,00;05-03-2026;kunde15@mail.dk
1083;Filter;1;29,00;05-03-2026;kunde3@mail.dk
1084;Kande;1;199,00;05-03-2026;kunde8@mail.dk
1085;Filter;2;58,00;05-03-2026;kunde11@mail.dk
1086;Kande;3;597,00;12-03-2026;kunde1@mail.dk
1087;Kaffe;3;238,50;12-03-2026;kunde12@mail.dk
1087;Filter;1;29,00;12-03-2026;kunde12@mail.dk
1088;Filter;2;58,00;12-03-2026;kunde13@mail.dk
1089;Kande;3;597,00;12-03-2026;kunde6@mail.dk
1090;Kaffe;3;238,50;12-03-2026;kunde11@mail.dk
1090;Filter;1;29,00;12-03-2026;kunde11@mail.dk
1091;Kaffe;3;238,50;12-03-2026;kunde13@mail.dk
1091;Filter;1;29,00;12-03-2026;kunde13@mail.dk
1092;Kaffe;1;79,50;12-03-2026;kunde5@mail.dk
1092;Filter;1;29,00;12-03-2026;kunde5@mail.dk
1093;Filter;3;87,00;12-03-2026;kunde15@mail.dk
1094;Kande;3;597,00;12-03-2026;kunde20@mail.dk
1095;Filter;3;87,00;12-03-2026;kunde12@mail.dk
1096;Kaffe;3;238,50;19-03-2026;kunde1@mail.dk
1097;Kande;1;199,00;19-03-2026;kunde5@mail.dk
1098;Kaffe;2;159,00;19-03-2026;kunde7@mail.dk
1098;Filter;1;29,00;19-03-2026;kunde7@mail.dk
1099;Filter;3;87,00;19-03-2026;kunde17@mail.dk
1100;Kop;3;147,00;19-03-2026;kunde11@mail.dk
1101;Filter;1;29,00;19-03-2026;kunde14@mail.dk
1102;The;3;177,00;26-03-2026;kunde15@mail.dk
1103;The;1;59,00;26-03-2026;kunde14@mail.dk
1104;Filter;3;87,00;26-03-2026;kunde18@mail.dk
1105;Kaffe;2;159,00;26-03-2026;kunde17@mail.dk
1106;Kaffe;1;79,50;26-03-2026;kunde20@mail.dk
1106;Filter;1;29,00;26-03-2026;kunde20@mail.dk
1107;The;3;177,00;26-03-2026;kunde16@mail.dk
1108;The;1;59,00;26-03-2026;kunde4@mail.dk
1109;The;3;177,00;26-03-2026;kunde11@mail.dk
1110;Kaffe;3;238,50;02-04-2026;kunde25@mail.dk
1110;Filter;1;29,00;02-04-2026;kunde25@mail.dk
1111;Kop;1;49,00;02-04-2026;kunde7@mail.dk
1112;Kaffe;3;238,50;02-04-2026;kunde25@mail.dk
1112;Filter;1;29,00;02-04-2026;kunde25@mail.dk
1113;Kaffe;2;159,00;02-04-2026;kunde1@mail.dk
1113;Filter;1;29,00;02-04-2026;kunde1@mail.dk
1114;The;3;177,00;02-04-2026;kunde17@mail.dk
1115;Kop;2;98,00;02-04-2026;kunde7@mail.dk
1116;The;2;118,00;02-04-2026;kunde17@mail.dk
1117;Filter;3;87,00;02-04-2026;kunde17@mail.dk
1118;Kop;3;147,00;02-04-2026;kunde17@mail.dk
1119;Kande;1;199,00;02-04-2026;kunde7@mail.dk
1120;Kaffe;2;159,00;02-04-2026;kunde14@mail.dk
1120;Filter;1;29,00;02-04-2026;kunde14@mail.dk
1121;Filter;2;58,00;02-04-2026;kunde3@mail.dk
1122;Solcreme;1;89,00;02-04-2026;kunde22@mail.dk
1123;Filter;3;87,00;09-04-2026;kunde4@mail.dk
1124;Kop;1;49,00;09-04-2026;kunde21@mail.dk
1125;Filter;2;58,00;09-04-2026;kunde9@mail.dk
1126;Kaffe;2;159,00;09-04-2026;kunde8@mail.dk
1127;Filter;1;29,00;09-04-2026;kunde6@mail.dk
1128;Kande;3;597,00;09-04-2026;kunde23@mail.dk
1129;Kop;2;98,00;09-04-2026;kunde13@mail.dk
1130;Kop;2;98,00;09-04-2026;kunde7@mail.dk
1131;Solcreme;1;89,00;09-04-2026;kunde12@mail.dk
1132;The;2;118,00;16-04-2026;kunde11@mail.dk
1133;Kaffe;2;159,00;16-04-2026;kunde15@mail.dk
1133;Filter;1;29,00;16-04-2026;kunde15@mail.dk
1134;Kop;3;147,00;16-04-2026;kunde20@mail.dk
1135;Kaffe;1;79,50;16-04-2026;kunde3@mail.dk
1136;Kaffe;2;159,00;16-04-2026;kunde4@mail.dk
1136;Filter;1;29,00;16-04-2026;kunde4@mail.dk
1137;Filter;2;58,00;16-04-2026;kunde25@mail.dk
1138;Kop;2;98,00;23-04-2026;kunde14@mail.dk
1139;The;3;177,00;23-04-2026;kunde5@mail.dk
1140;Kande;3;597,00;23-04-2026;kunde19@mail.dk
1141;Kaffe;2;159,00;23-04-2026;kunde11@mail.dk
1141;Filter;1;29,00;23-04-2026;kunde11@mail.dk
1142;Filter;2;58,00;23-04-2026;kunde23@mail.dk
1143;Kop;1;49,00;23-04-2026;kunde3@mail.dk
1144;Kaffe;2;159,00;23-04-2026;kunde21@mail.dk
1144;Filter;1;29,00;23-04-2026;kunde21@mail.dk
1145;Kaffe;2;159,00;23-04-2026;kunde8@mail.dk
1146;Kaffe;2;159,00;23-04-2026;kunde15@mail.dk
1147;Kop;3;147,00;23-04-2026;kunde14@mail.dk
1148;Kaffe;3;238,50;23-04-2026;kunde5@mail.dk
1149;Filter;2;58,00;23-04-2026;kunde4@mail.dk
1150;Solcreme;1;89,00;23-04-2026;kunde7@mail.dk
1151;Kop;3;147,00;30-04-2026;kunde21@mail.dk
1152;Filter;2;58,00;30-04-2026;kunde25@mail.dk
1153;The;3;177,00;30-04-2026;kunde15@mail.dk
1154;Kop;2;98,00;30-04-2026;kunde6@mail.dk
1155;Kop;1;49,00;30-04-2026;kunde1@mail.dk
1156;Kaffe;3;238,50;30-04-2026;kunde1@mail.dk
1156;Filter;1;29,00;30-04-2026;kunde1@mail.dk
1157;The;2;118,00;30-04-2026;kunde7@mail.dk
1158;Kande;1;199,00;30-04-2026;kunde8@mail.dk
1159;Kande;3;597,00;07-05-2026;kunde14@mail.dk
1160;The;2;118,00;07-05-2026;kunde13@mail.dk
1161;Filter;1;29,00;07-05-2026;kunde23@mail.dk
1162;Filter;3;87,00;07-05-2026;kunde11@mail.dk
1163;Filter;2;58,00;07-05-2026;kunde24@mail.dk
1164;Kaffe;1;79,50;07-05-2026;kunde12@mail.dk
1164;Filter;1;29,00;07-05-2026;kunde12@mail.dk
1165;Kop;2;98,00;07-05-2026;kunde21@mail.dk
1166;Kaffe;1;79,50;07-05-2026;kunde6@mail.dk
1166;Filter;1;29,00;07-05-2026;kunde6@mail.dk
1167;The;3;177,00;07-05-2026;kunde13@mail.dk
1168;The;1;59,00;07-05-2026;kunde10@mail.dk
1169;Kop;1;49,00;07-05-2026;kunde23@mail.dk
1170;Solcreme;1;89,00;07-05-2026;kunde6@mail.dk
1171;Kaffe;2;159,00;14-05-2026;kunde15@mail.dk
1171;Filter;1;29,00;14-05-2026;kunde15@mail.dk
1172;The;2;118,00;14-05-2026;kunde11@mail.dk
1173;Kaffe;2;159,00;14-05-2026;kunde8@mail.dk
1173;Filter;1;29,00;14-05-2026;kunde8@mail.dk
1174;Kaffe;2;159,00;14-05-2026;kunde6@mail.dk
1174;Filter;1;29,00;14-05-2026;kunde6@mail.dk
1175;Kop;3;147,00;14-05-2026;kunde16@mail.dk
1176;Filter;1;29,00;14-05-2026;kunde21@mail.dk
1177;Kaffe;1;79,50;14-05-2026;kunde17@mail.dk
1177;Filter;1;29,00;14-05-2026;kunde17@mail.dk
1178;Filter;2;58,00;14-05-2026;kunde3@mail.dk
1179;Kop;2;98,00;21-05-2026;kunde1@mail.dk
1180;Filter;1;29,00;21-05-2026;kunde21@mail.dk
1181;The;1;59,00;21-05-2026;kunde19@mail.dk
1182;The;2;118,00;21-05-2026;kunde22@mail.dk
1183;Kop;3;147,00;21-05-2026;kunde25@mail.dk
1184;Filter;2;58,00;21-05-2026;kunde16@mail.dk
1185;The;3;177,00;21-05-2026;kunde24@mail.dk
1186;Kaffe;3;238,50;21-05-2026;kunde5@mail.dk
1187;Kande;3;597,00;21-05-2026;kunde21@mail.dk
1188;The;3;177,00;28-05-2026;kunde5@mail.dk
1189;Kaffe;3;238,50;28-05-2026;kunde19@mail.dk
1189;Filter;1;29,00;28-05-2026;kunde19@mail.dk
1190;Filter;1;29,00;28-05-2026;kunde23@mail.dk
1191;Kaffe;1;79,50;28-05-2026;kunde1@mail.dk
1191;Filter;1;29,00;28-05-2026;kunde1@mail.dk
1192;Kande;2;398,00;28-05-2026;kunde4@mail.dk
1193;Kaffe;3;238,50;28-05-2026;kunde18@mail.dk
1193;Filter;1;29,00;28-05-2026;kunde18@mail.dk
1194;Filter;2;58,00;28-05-2026;kunde18@mail.dk
1195;Kaffe;2;159,00;28-05-2026;kunde9@mail.dk
1196;The;3;177,00;28-05-2026;kunde24@mail.dk
1197;The;1;59,00;28-05-2026;kunde3@mail.dk
1198;Kande;2;398,00;04-06-2026;kunde24@mail.dk
1199;Kop;1;49,00;04-06-2026;kunde3@mail.dk
1200;Filter;1;29,00;04-06-2026;kunde24@mail.dk
1201;Kande;2;398,00;04-06-2026;kunde24@mail.dk
1202;Kaffe;2;159,00;04-06-2026;kunde13@mail.dk
1203;Kaffe;3;238,50;04-06-2026;kunde10@mail.dk
1203;Filter;1;29,00;04-06-2026;kunde10@mail.dk
1204;Kaffe;3;238,50;04-06-2026;kunde7@mail.dk
1204;Filter;1;29,00;04-06-2026;kunde7@mail.dk
1205;Kop;3;147,00;04-06-2026;kunde9@mail.dk
1206;Filter;1;29,00;04-06-2026;kunde19@mail.dk
1207;Kaffe;2;159,00;04-06-2026;kunde16@mail.dk
1207;Filter;1;29,00;04-06-2026;kunde16@mail.dk
1208;Kaffe;3;238,50;04-06-2026;kunde22@mail.dk
1208;Filter;1;29,00;04-06-2026;kunde22@mail.dk
1209;The;2;118,00;11-06-2026;kunde10@mail.dk
1210;Kande;2;398,00;11-06-2026;kunde15@mail.dk
1211;Kaffe;3;238,50;11-06-2026;kunde25@mail.dk
1211;Filter;1;29,00;11-06-2026;kunde25@mail.dk
1212;Kande;1;199,00;11-06-2026;kunde3@mail.dk
1213;Kande;1;199,00;11-06-2026;kunde10@mail.dk
1214;Kande;2;398,00;11-06-2026;kunde17@mail.dk
1215;Filter;1;29,00;11-06-2026;kunde13@mail.dk
1216;The;1;59,00;11-06-2026;kunde3@mail.dk
1217;The;2;118,00;11-06-2026;kunde5@mail.dk
1218;The;3;177,00;18-06-2026;kunde5@mail.dk
1219;Kop;1;49,00;18-06-2026;kunde17@mail.dk
1220;Kop;1;49,00;18-06-2026;kunde23@mail.dk
1221;Kande;2;398,00;18-06-2026;kunde16@mail.dk
1222;Filter;1;29,00;18-06-2026;kunde1@mail.dk
1223;Kande;2;398,00;18-06-2026;kunde16@mail.dk
1224;Filter;2;58,00;18-06-2026;kunde10@mail.dk
1225;Kande;2;398,00;18-06-2026;kunde12@mail.dk
1226;Kaffe;2;159,00;25-06-2026;kunde11@mail.dk
1227;Kaffe;1;79,50;25-06-2026;kunde13@mail.dk
1228;Kop;2;98,00;25-06-2026;kunde24@mail.dk
1229;Kaffe;2;159,00;25-06-2026;kunde12@mail.dk
1229;Filter;1;29,00;25-06-2026;kunde12@mail.dk
1230;Kaffe;2;159,00;25-06-2026;kunde19@mail.dk
1231;Kop;1;49,00;25-06-2026;kunde25@mail.dk
